區域別,年齡別,性別,識字者,,,,,,,,,,,,,,,,,,,,,,不識字
,,,博士,,碩士,,大學,,專科二、三年制,,專科五年制後二年,,普通教育(高中),,職業教育(高職),,專科五年制前三年,國中,,初職,,國小,,自修,
,,,畢業,肄業,畢業,肄業,畢業,肄業,畢業,肄業,畢業,肄業,畢業,肄業,畢業,肄業,肄業,畢業,肄業,畢業,肄業,畢業,肄業,,
總計,15歲以上合計,計,6950,3854,72883,27843,337798,139514,145490,26312,103252,6251,9705,119394,59709,447859,120557,247552,32885,5287,1063,246056,23521,6287,33037
總計,15~19,計,0,0,0,0,0,43547,1,1409,0,264,7255,3107,42850,9031,74827,5002,13724,0,0,338,1051,4,16
總計,20~24,計,0,69,1226,7469,46235,71785,4109,4348,3293,157,1313,10933,1550,29894,8437,3554,1197,0,0,33,184,4,14
總計,25~29,計,91,951,15874,6372,86844,10303,14059,6705,5369,541,785,6057,2496,36398,9915,8401,1205,0,0,648,235,12,38
總計,30~34,計,771,705,15845,4885,61767,5712,33659,6464,10243,1844,112,8175,2007,59588,6578,16624,1297,0,0,1125,458,18,91
總計,35~39,計,906,730,12235,3527,37841,2094,31253,2787,17646,792,79,13122,1939,61594,4394,19723,1478,0,0,961,351,16,135
總計,40~44,計,1151,619,10457,2637,27524,1654,22978,1789,19109,710,43,17028,2093,71049,4399,29435,1516,0,0,1589,279,23,130
總計,45~49,計,1442,445,7563,1605,22912,1431,15371,1177,17835,722,37,17114,2217,67137,4608,49763,1860,3,1,5660,415,28,174
總計,50~54,計,1092,209,4389,757,18335,1168,9251,683,13223,562,36,15765,1917,50516,3490,55069,2637,77,28,17917,920,97,447
總計,55~59,計,723,78,2672,332,14949,790,6212,456,10035,440,27,11173,1112,31445,2055,27295,3239,1116,303,53386,2440,195,1090
總計,60~64,計,409,37,1443,154,9992,485,4026,242,4252,155,15,6196,606,15192,961,13256,2162,1392,335,52632,2846,277,1862
總計,65歲以上,計,365,11,1179,105,11399,545,4571,252,2247,64,3,10724,922,16015,893,19430,2570,2699,396,111767,14342,5613,29040
中區,15~19,計,0,0,0,0,0,251,0,5,0,0,71,18,361,31,444,25,132,0,0,1,31,0,0
中區,20~24,計,0,0,3,52,231,398,14,18,24,0,17,74,9,115,47,18,11,0,0,0,1,0,0
中區,25~29,計,2,6,104,43,508,79,70,43,34,4,10,40,22,151,59,40,6,0,0,1,1,0,0
中區,30~34,計,4,5,115,33,381,44,153,44,69,15,1,64,14,258,42,96,12,0,0,6,3,0,0
中區,35~39,計,11,5,107,32,276,27,211,20,172,6,1,105,13,346,27,133,8,0,0,3,4,0,1
中區,40~44,計,8,5,101,30,294,13,180,15,230,16,0,172,13,475,32,145,13,0,0,13,1,1,1
中區,45~49,計,8,5,81,8,234,16,106,17,210,13,0,183,18,486,46,194,17,0,0,12,6,0,3
中區,50~54,計,12,3,48,8,187,15,62,9,183,12,0,192,37,371,40,219,29,1,0,68,14,1,0
中區,55~59,計,8,0,41,6,190,25,60,5,177,14,0,155,20,293,25,167,35,11,4,267,19,1,5
中區,60~64,計,6,0,20,2,194,8,71,8,66,5,0,89,13,199,20,123,21,11,2,256,15,1,8
中區,65歲以上,計,11,1,28,3,264,18,85,4,62,1,0,255,14,303,20,309,31,28,5,897,63,49,88
東區,15~19,計,0,0,0,0,0,1142,1,34,0,0,188,57,986,165,1910,130,332,0,0,0,27,0,0
東區,20~24,計,0,1,36,215,1267,1954,111,142,92,0,39,307,37,817,235,91,20,0,0,1,6,0,0
東區,25~29,計,1,24,439,165,2432,319,416,225,135,12,20,170,67,968,300,228,36,0,0,18,6,0,1
東區,30~34,計,23,31,462,141,1892,200,928,195,364,68,3,235,56,1564,210,416,25,0,0,25,12,0,1
東區,35~39,計,24,24,325,91,1076,52,860,56,535,24,0,373,40,1616,77,573,29,0,0,19,9,0,1
東區,40~44,計,24,20,272,62,663,37,571,36,518,16,4,516,56,1877,107,784,34,0,0,26,10,0,1
東區,45~49,計,18,13,170,44,539,50,431,31,552,15,0,553,68,1875,161,1386,31,0,0,37,9,0,4
東區,50~54,計,19,4,128,26,477,46,272,23,434,24,1,547,74,1547,132,1505,93,0,0,424,19,0,12
東區,55~59,計,21,2,76,7,472,33,221,19,327,24,0,418,48,1039,109,791,142,26,8,1380,53,6,30
東區,60~64,計,14,0,34,5,339,16,133,12,162,8,0,225,24,496,47,464,84,35,13,1576,94,4,45
東區,65歲以上,計,5,1,47,3,440,27,173,14,147,4,0,462,49,553,43,917,129,65,8,3861,508,143,692
南區,15~19,計,0,0,0,0,0,1900,0,53,0,12,271,119,1921,252,3070,121,509,0,0,3,105,0,2
南區,20~24,計,0,1,51,372,1895,3094,173,167,99,6,43,318,66,969,263,99,34,0,0,2,7,1,2
南區,25~29,計,10,45,786,351,3839,426,569,178,207,21,18,187,82,1196,280,206,34,0,0,26,9,0,4
南區,30~34,計,65,48,1035,286,3375,252,1600,217,519,77,3,383,85,2073,228,432,64,0,0,30,14,1,2
南區,35~39,計,108,76,874,254,2540,118,1812,137,1045,36,5,633,78,2500,152,568,71,0,0,26,8,0,4
南區,40~44,計,124,52,792,203,1906,122,1455,83,1165,43,2,840,91,3080,190,824,61,0,0,24,7,0,4
南區,45~49,計,143,37,530,102,1507,83,931,63,958,35,1,860,109,2779,177,1382,79,0,1,92,10,1,4
南區,50~54,計,125,16,310,37,1112,77,495,40,687,29,1,767,81,2088,148,1750,112,7,1,244,20,1,7
南區,55~59,計,76,5,183,26,923,46,328,24,550,25,0,544,49,1494,95,948,114,39,11,1376,64,8,17
南區,60~64,計,42,2,103,7,642,38,217,14,288,8,0,341,26,786,54,570,103,55,10,1577,75,14,33
南區,65歲以上,計,68,1,86,6,745,39,265,16,171,2,0,569,39,903,36,1074,101,92,15,3905,332,239,601
西區,15~19,計,0,0,0,0,0,1265,0,28,0,5,311,440,2448,413,2344,223,627,0,0,8,70,0,0
西區,20~24,計,0,3,68,388,1917,3048,96,155,144,5,66,535,87,756,227,95,60,0,0,0,7,0,0
西區,25~29,計,5,56,969,400,3909,531,391,244,205,26,28,164,84,833,226,167,34,0,0,13,3,2,1
西區,30~34,計,57,59,1052,316,3099,285,1177,222,477,65,4,240,52,1508,143,336,41,0,0,21,7,0,2
西區,35~39,計,102,50,958,222,2517,127,1345,123,891,38,6,444,52,1805,95,442,30,0,0,22,9,0,5
西區,40~44,計,119,63,955,185,2174,98,1250,104,1134,31,3,722,68,2422,102,587,38,0,0,30,9,2,5
西區,45~49,計,158,52,730,112,1932,70,915,58,1096,27,2,768,74,2494,132,999,54,0,0,71,13,1,8
西區,50~54,計,133,24,460,82,1742,77,650,34,975,21,3,831,75,2191,101,1215,57,4,0,330,15,2,5
西區,55~59,計,78,8,303,28,1587,47,506,16,842,15,1,711,61,1620,84,777,96,27,14,1194,49,7,17
西區,60~64,計,51,6,193,11,1210,41,439,17,318,9,0,448,42,1086,54,632,111,54,8,1357,58,6,25
西區,65歲以上,計,51,1,163,13,1490,65,443,28,35,1,0,924,48,1668,67,1288,154,128,14,4148,284,209,531
北區,15~19,計,0,0,0,0,0,2275,0,79,0,42,474,136,2532,352,3318,262,435,0,0,275,74,2,0
北區,20~24,計,0,0,85,485,2427,4280,178,205,199,18,58,533,111,1200,390,153,47,0,0,5,2,2,0
北區,25~29,計,10,95,1019,498,4979,719,662,315,310,46,40,293,124,1445,399,335,40,0,0,18,5,0,0
北區,30~34,計,77,65,1157,373,4141,384,1653,282,603,94,6,428,81,2424,239,626,57,0,0,52,20,0,0
北區,35~39,計,73,80,926,247,2458,144,1634,135,1047,38,8,744,76,2697,164,760,89,0,0,39,19,0,0
北區,40~44,計,113,57,794,170,2118,100,1360,106,1145,41,4,1053,92,3397,211,1000,80,0,0,48,12,0,3
北區,45~49,計,132,40,638,124,1917,97,1067,62,1316,41,4,1091,130,3662,186,1667,60,0,0,111,18,1,1
北區,50~54,計,117,21,430,76,1845,116,828,62,1094,40,2,1210,109,3086,175,2188,85,0,0,459,42,1,0
北區,55~59,計,82,12,310,36,1839,94,642,51,906,34,0,1035,85,2274,125,1188,158,56,19,2010,103,5,13
北區,60~64,計,50,5,191,23,1376,62,513,36,459,14,3,584,55,1244,78,881,129,78,18,2018,77,10,52
北區,65歲以上,計,46,1,164,6,1644,69,511,31,43,1,1,1249,88,1964,65,1725,191,201,20,5547,503,191,819
西屯區,15~19,計,0,0,0,0,0,3603,0,92,0,3,715,193,4367,421,5082,495,1176,0,0,9,162,0,2
西屯區,20~24,計,0,5,105,649,3440,5848,221,283,300,3,148,927,164,1831,534,225,68,0,0,1,15,0,0
西屯區,25~29,計,9,64,1334,572,6795,921,824,476,438,44,71,374,194,1953,463,388,81,0,0,26,14,0,2
西屯區,30~34,計,79,79,1711,455,5574,509,2456,468,954,176,10,590,124,3356,339,785,75,0,0,58,29,1,3
西屯區,35~39,計,117,90,1531,413,4192,209,2716,202,1678,72,5,1069,119,4087,271,1027,147,0,0,25,18,1,8
西屯區,40~44,計,167,89,1514,335,3600,199,2383,159,2129,80,6,1564,166,5268,260,1570,134,0,0,57,19,2,5
西屯區,45~49,計,291,78,1099,220,3135,161,1567,96,1995,73,3,1642,177,5245,296,2522,157,1,0,158,28,0,2
西屯區,50~54,計,222,32,644,96,2460,140,911,55,1446,51,2,1504,160,3901,218,3064,171,3,1,586,36,1,7
西屯區,55~59,計,136,14,406,41,1750,85,573,47,1034,46,2,971,81,2379,131,1442,220,70,14,2662,115,7,42
西屯區,60~64,計,86,7,220,23,1144,46,362,27,439,9,1,547,55,1104,65,891,138,81,25,2646,106,14,62
西屯區,65歲以上,計,66,1,161,12,1227,56,461,21,323,8,0,1071,85,1107,68,1538,217,156,13,6077,935,193,1144
南屯區,15~19,計,0,0,0,0,0,2806,0,53,0,7,416,145,3706,270,3882,405,987,0,0,4,77,0,0
南屯區,20~24,計,0,3,73,469,2517,4134,134,184,173,3,76,686,104,1130,353,147,83,0,0,1,5,0,0
南屯區,25~29,計,4,53,1019,396,4630,577,553,347,222,27,52,220,112,1359,352,265,43,0,0,25,11,1,2
南屯區,30~34,計,63,41,1184,327,4043,318,1864,335,668,92,3,321,81,2515,242,538,61,0,0,28,22,1,0
南屯區,35~39,計,88,76,1167,320,3438,144,2401,192,1341,50,3,672,107,3187,167,700,84,0,0,41,22,0,2
南屯區,40~44,計,154,79,1285,269,3053,130,2090,138,1748,44,3,1054,104,4093,191,1042,103,0,0,60,17,1,4
南屯區,45~49,計,202,53,937,192,2651,114,1386,86,1700,57,1,1121,108,3804,204,1565,83,0,0,223,18,1,4
南屯區,50~54,計,126,18,533,66,1793,78,725,51,1022,28,1,953,85,2670,131,1772,99,5,1,761,32,1,13
南屯區,55~59,計,71,6,263,31,1188,48,448,32,714,22,3,584,81,1532,68,973,141,50,16,1896,73,4,26
南屯區,60~64,計,31,4,132,13,669,33,244,12,323,16,0,337,35,806,43,562,74,43,12,1922,93,5,47
南屯區,65歲以上,計,25,1,89,8,714,32,249,12,203,4,0,571,43,818,36,907,142,89,13,4220,719,162,661
北屯區,15~19,計,0,0,0,0,0,2845,0,104,0,12,795,921,4739,1477,6833,504,1267,0,0,8,281,0,2
北屯區,20~24,計,0,6,113,713,4240,7129,303,401,328,26,146,1107,169,2437,740,258,60,0,0,3,0,0,0
北屯區,25~29,計,4,115,1674,720,8354,1066,1272,535,525,70,59,455,185,2809,638,493,80,0,0,39,8,1,6
北屯區,30~34,計,81,83,1765,533,6414,506,3163,561,1044,138,14,624,149,4812,461,1005,113,0,0,79,18,0,1
北屯區,35~39,計,96,69,1440,351,4186,191,3323,257,1864,66,8,1133,153,5625,339,1330,128,0,0,47,25,1,15
北屯區,40~44,計,122,73,1184,311,3317,161,2743,197,2241,63,5,1587,178,7203,353,1810,177,0,0,78,19,2,7
北屯區,45~49,計,163,60,938,189,2947,139,1926,123,2306,72,2,1685,193,7327,366,3146,158,1,0,224,25,3,12
北屯區,50~54,計,118,28,615,97,2575,142,1214,68,1704,61,5,1600,160,5790,293,3498,211,0,2,1195,75,6,16
北屯區,55~59,計,99,10,385,39,2131,84,866,56,1295,40,5,1251,111,3446,172,2052,256,82,18,3775,143,14,53
北屯區,60~64,計,46,5,173,16,1304,62,476,18,566,18,0,718,52,1606,86,1227,209,102,23,3662,159,11,92
北屯區,65歲以上,計,34,3,144,16,1475,64,561,22,109,0,0,1368,99,1719,68,2071,262,205,23,8685,784,868,1219
豐原區,15~19,計,0,0,0,0,0,2749,0,81,0,11,490,124,2678,460,4619,289,959,0,0,0,17,1,2
豐原區,20~24,計,0,5,94,483,2811,4192,253,285,271,1,109,839,99,1800,545,210,95,0,0,0,6,1,1
豐原區,25~29,計,6,54,1067,433,5597,575,892,462,406,31,84,378,142,2115,761,408,69,0,0,38,15,0,4
豐原區,30~34,計,40,50,884,272,3599,385,2181,610,642,114,8,387,75,3849,269,890,98,0,0,68,24,0,11
豐原區,35~39,計,39,36,644,179,2108,116,1873,180,1151,50,3,651,72,4064,277,1007,97,0,0,44,16,2,4
豐原區,40~44,計,45,22,476,140,1370,75,1218,106,1211,51,2,793,110,4565,302,1529,98,0,0,58,15,0,11
豐原區,45~49,計,38,10,281,74,1164,78,779,78,1149,58,2,887,116,4633,319,3062,124,0,0,166,13,3,17
豐原區,50~54,計,26,12,151,36,947,54,472,38,819,44,3,772,95,3363,232,3784,171,6,2,964,47,8,22
豐原區,55~59,計,21,0,104,12,773,55,288,27,646,27,2,570,51,2252,147,2071,202,117,13,3579,86,4,59
豐原區,60~64,計,9,1,52,5,479,19,252,18,220,11,2,299,35,1181,57,947,131,172,28,3779,100,9,58
豐原區,65歲以上,計,11,0,40,4,560,34,327,16,188,7,0,552,47,1310,58,1407,134,342,26,8782,681,229,1449
東勢區,15~19,計,0,0,0,0,0,717,0,40,0,13,160,31,539,205,1386,124,245,0,0,2,14,0,1
東勢區,20~24,計,0,2,14,127,788,1203,96,100,63,8,24,169,37,637,142,65,23,0,0,0,6,0,0
東勢區,25~29,計,1,14,258,105,1479,160,276,142,114,25,21,171,71,827,293,193,33,0,0,18,5,0,0
東勢區,30~34,計,5,7,172,66,873,81,544,101,134,49,2,177,49,1222,113,406,33,0,0,46,23,1,1
東勢區,35~39,計,7,4,109,39,421,31,365,34,272,16,2,234,35,1226,100,476,23,0,0,44,16,0,5
東勢區,40~44,計,5,5,96,31,307,19,290,40,306,14,0,311,41,1490,86,734,13,0,0,33,7,0,3
東勢區,45~49,計,3,2,65,19,252,27,224,21,248,12,0,255,30,1492,110,1203,15,0,0,67,6,0,7
東勢區,50~54,計,4,2,22,4,220,13,124,12,245,14,0,261,26,1346,85,1425,12,1,0,267,5,2,8
東勢區,55~59,計,3,1,21,6,193,11,97,9,201,12,0,228,10,847,52,777,55,49,9,1216,24,2,10
東勢區,60~64,計,2,0,13,1,135,2,56,4,80,5,1,141,10,426,20,468,43,80,13,1479,24,3,25
東勢區,65歲以上,計,2,0,20,0,171,5,103,3,52,2,0,170,13,466,19,646,60,164,14,4903,300,69,853
大甲區,15~19,計,0,0,0,0,0,1401,0,53,0,0,241,59,1363,256,2072,216,405,0,0,1,3,0,0
大甲區,20~24,計,0,1,37,234,1537,1888,138,142,133,3,47,572,68,994,273,133,31,0,0,0,13,0,0
大甲區,25~29,計,2,20,446,155,2742,280,406,170,180,16,22,279,86,1195,375,326,19,0,0,15,10,0,0
大甲區,30~34,計,19,11,358,132,1558,157,829,156,227,50,4,309,65,1895,220,658,13,0,0,40,10,0,3
大甲區,35~39,計,12,13,251,76,739,42,648,59,361,13,2,496,73,1678,113,708,20,0,0,38,6,1,6
大甲區,40~44,計,7,12,162,45,426,24,478,41,340,11,0,582,71,1743,122,1260,16,0,0,82,2,0,7
大甲區,45~49,計,11,6,107,26,353,21,304,25,300,13,1,495,57,1587,119,2101,26,0,0,373,3,0,9
大甲區,50~54,計,5,1,52,11,268,35,158,17,219,7,0,428,59,1182,97,2088,37,0,0,929,11,6,21
大甲區,55~59,計,3,1,32,9,267,14,95,11,176,11,0,353,24,766,66,829,79,53,21,2118,62,8,36
大甲區,60~64,計,1,0,16,2,158,8,86,7,58,3,1,145,12,371,20,350,53,40,20,1886,110,16,61
大甲區,65歲以上,計,1,0,27,6,182,5,115,2,59,3,0,245,23,288,11,535,77,69,16,4098,545,251,1587
清水區,15~19,計,0,0,0,0,0,1386,0,40,0,9,255,73,1166,419,2288,143,431,0,0,0,6,0,1
清水區,20~24,計,0,4,37,209,1551,2088,165,119,115,6,41,334,24,1097,250,102,57,0,0,0,14,0,0
清水區,25~29,計,3,30,483,158,2779,282,522,209,233,14,21,269,78,1460,321,428,61,0,0,24,14,0,1
清水區,30~34,計,14,18,428,156,1746,157,1012,191,293,44,2,250,61,2227,285,859,49,0,0,56,17,0,5
清水區,35~39,計,15,8,268,86,906,60,822,83,475,16,5,343,57,2089,200,868,46,0,0,46,9,1,11
清水區,40~44,計,22,5,202,52,557,46,502,43,381,8,0,455,50,2170,146,1377,52,0,0,93,7,0,5
清水區,45~49,計,11,3,127,33,408,27,334,25,299,15,2,414,50,1873,136,2213,71,0,0,340,12,1,10
清水區,50~54,計,8,3,61,10,299,23,214,23,226,9,0,364,38,1328,103,2276,79,3,1,745,27,2,34
清水區,55~59,計,7,0,31,5,274,11,151,13,194,9,0,255,21,873,62,994,109,30,19,2364,170,8,58
清水區,60~64,計,2,1,13,1,161,7,90,5,84,2,0,168,19,368,31,309,60,30,9,2337,176,11,106
清水區,65歲以上,計,3,0,17,2,171,11,106,5,65,5,1,214,34,300,31,457,63,62,10,4964,825,252,1936
沙鹿區,15~19,計,0,0,0,0,0,1394,0,44,0,2,195,35,1098,286,2385,150,446,0,0,2,4,1,0
沙鹿區,20~24,計,0,1,36,211,1315,2085,116,94,78,6,34,254,37,1002,261,150,24,0,0,1,4,0,0
沙鹿區,25~29,計,4,43,470,200,2663,275,453,195,166,9,18,200,63,1435,358,374,44,0,0,33,7,0,1
沙鹿區,30~34,計,25,24,590,161,2307,172,1300,233,350,54,3,193,56,2399,324,785,73,0,0,42,27,1,5
沙鹿區,35~39,計,24,20,428,122,1241,62,1048,83,553,31,3,362,72,2271,229,904,78,0,0,55,13,0,5
沙鹿區,40~44,計,20,9,237,60,669,47,619,46,447,16,2,405,54,2031,157,1141,88,0,0,137,14,1,5
沙鹿區,45~49,計,22,6,162,39,413,32,366,32,321,15,0,357,55,1610,140,1530,110,0,0,472,31,0,2
沙鹿區,50~54,計,19,4,65,13,271,15,204,12,243,15,0,312,42,1138,95,1406,160,4,2,1087,59,3,30
沙鹿區,55~59,計,11,0,41,3,217,8,137,8,152,10,0,199,19,750,47,719,124,38,6,2228,139,8,81
沙鹿區,60~64,計,3,0,18,1,172,7,81,5,63,1,0,123,8,341,17,335,65,47,10,1975,210,13,124
沙鹿區,65歲以上,計,0,1,18,3,151,4,86,1,48,0,0,150,15,303,28,337,40,68,9,3186,602,301,1551
梧棲區,15~19,計,0,0,0,0,0,1064,0,22,0,0,131,29,801,153,1678,85,293,0,0,0,1,0,0
梧棲區,20~24,計,0,1,33,158,1131,1507,78,110,78,0,35,216,20,653,173,109,39,0,0,0,3,0,0
梧棲區,25~29,計,0,13,345,128,2091,184,326,147,122,4,19,157,59,928,220,246,39,0,0,14,9,1,0
梧棲區,30~34,計,15,7,273,96,1229,135,739,122,229,43,3,175,43,1608,139,527,51,0,0,35,8,1,2
梧棲區,35~39,計,8,9,181,69,574,50,642,48,325,13,2,230,45,1483,101,616,56,0,0,24,11,0,6
梧棲區,40~44,計,4,3,100,28,309,25,334,26,264,14,0,273,48,1410,81,882,52,0,0,81,7,0,4
梧棲區,45~49,計,4,2,57,17,226,19,197,12,224,18,0,302,43,1152,97,1306,61,0,0,262,15,1,1
梧棲區,50~54,計,7,3,31,6,146,10,123,18,171,19,0,242,33,917,71,1221,124,0,0,730,45,3,13
梧棲區,55~59,計,1,2,11,4,100,5,88,5,115,5,0,169,24,541,33,567,95,14,4,1570,99,7,40
梧棲區,60~64,計,1,0,8,3,68,6,51,2,60,2,1,100,9,212,14,233,44,27,11,1321,94,12,79
梧棲區,65歲以上,計,0,0,8,1,78,4,36,2,18,1,0,96,10,139,13,196,30,39,4,2282,427,138,1021
后里區,15~19,計,0,0,0,0,0,871,0,55,0,5,138,33,832,182,1411,121,286,0,0,1,5,0,0
后里區,20~24,計,0,4,15,104,869,1215,101,98,56,3,21,236,33,663,204,79,36,0,0,0,3,0,1
后里區,25~29,計,0,9,260,75,1630,174,298,146,103,9,19,168,47,901,308,294,20,0,0,14,2,0,0
后里區,30~34,計,8,2,215,78,1053,116,694,159,156,27,3,186,51,1512,160,512,7,0,0,37,13,0,2
后里區,35~39,計,5,1,153,55,485,28,526,55,250,7,1,303,44,1423,128,604,14,0,0,27,4,0,3
后里區,40~44,計,4,3,72,20,276,33,319,27,250,10,0,363,33,1450,94,926,10,0,0,46,10,0,3
后里區,45~49,計,7,0,52,14,174,14,205,13,151,9,1,301,47,1153,104,1482,10,0,0,197,11,0,7
后里區,50~54,計,3,0,25,8,123,10,108,6,128,7,0,261,35,812,79,1401,20,3,0,659,8,2,11
后里區,55~59,計,1,1,13,6,102,10,64,5,96,10,1,169,15,570,42,656,44,22,7,1681,43,1,30
后里區,60~64,計,0,0,9,1,83,2,45,6,49,1,0,92,13,280,18,288,33,22,10,1522,71,4,59
后里區,65歲以上,計,1,0,5,1,74,5,67,6,3,0,0,135,16,251,27,327,43,117,18,3430,421,89,1094
神岡區,15~19,計,0,0,0,0,0,1131,0,51,0,24,166,38,787,250,2082,75,304,0,0,0,24,0,0
神岡區,20~24,計,0,0,28,151,1334,1766,157,100,81,23,12,152,28,889,161,113,14,0,0,0,3,0,0
神岡區,25~29,計,0,23,344,95,2324,225,448,136,153,22,6,114,41,1228,258,267,28,0,0,30,7,0,1
神岡區,30~34,計,12,11,278,79,1335,97,958,131,201,17,2,149,32,1867,225,421,38,0,0,45,16,2,2
神岡區,35~39,計,8,5,144,54,555,39,714,69,263,4,1,192,36,1808,136,523,42,0,0,53,12,0,6
神岡區,40~44,計,5,5,67,20,284,25,407,25,271,10,0,225,34,2007,126,870,44,0,0,70,8,0,3
神岡區,45~49,計,10,4,58,13,235,18,314,20,202,11,3,247,34,1724,108,1636,78,0,0,320,9,4,7
神岡區,50~54,計,4,1,20,1,152,15,136,11,180,8,0,253,36,1204,84,1758,129,2,3,911,35,4,5
神岡區,55~59,計,2,1,12,3,117,8,87,1,126,3,1,136,22,646,60,770,91,33,13,2072,76,9,35
神岡區,60~64,計,0,0,14,0,52,0,39,2,44,1,0,72,4,286,16,327,51,65,12,1789,64,4,53
神岡區,65歲以上,計,0,0,4,1,71,5,37,4,31,3,1,115,13,222,21,339,49,68,13,3602,419,96,954
潭子區,15~19,計,0,0,0,0,0,1773,0,69,0,13,281,83,1393,339,3295,190,583,0,0,1,21,0,0
潭子區,20~24,計,0,5,37,234,1723,2768,201,177,154,4,48,444,51,1384,408,126,57,0,0,0,6,0,1
潭子區,25~29,計,0,33,486,205,3164,394,615,342,212,22,34,313,123,1437,412,336,30,0,0,15,3,0,1
潭子區,30~34,計,15,16,442,167,2170,231,1450,309,450,81,6,401,118,2465,286,691,42,0,0,38,17,0,5
潭子區,35~39,計,18,15,285,117,1263,89,1299,119,768,53,1,629,88,2655,193,819,51,0,0,32,13,0,3
潭子區,40~44,計,26,12,267,89,808,60,843,99,837,35,1,777,96,3204,219,1149,38,0,0,36,4,0,6
潭子區,45~49,計,14,4,183,45,582,68,574,57,678,33,1,768,93,3110,247,2094,70,0,0,165,3,0,2
潭子區,50~54,計,12,4,90,21,392,34,345,29,405,23,3,594,82,2222,143,2226,86,5,2,833,21,2,13
潭子區,55~59,計,9,0,40,5,279,21,197,15,249,13,0,407,34,1252,80,1155,116,43,13,2298,49,3,29
潭子區,60~64,計,3,0,29,2,180,13,104,7,98,7,1,185,16,521,30,514,82,76,13,2218,81,4,55
潭子區,65歲以上,計,2,0,18,2,236,10,91,11,100,1,0,267,25,375,23,572,99,102,22,4099,493,159,840
大雅區,15~19,計,0,0,0,0,0,1751,0,54,0,12,247,48,1394,327,3110,159,537,0,0,6,18,0,0
大雅區,20~24,計,0,0,37,265,1643,2630,142,164,103,12,45,335,44,1260,309,133,49,0,0,1,5,0,1
大雅區,25~29,計,4,27,505,173,2914,325,539,228,162,21,25,256,98,1472,355,359,47,0,0,31,16,1,2
大雅區,30~34,計,17,15,396,119,1760,172,1255,214,338,54,5,312,69,2307,276,688,50,0,0,38,26,1,7
大雅區,35~39,計,16,12,284,92,918,57,1111,96,501,32,1,487,83,2390,178,791,40,0,0,36,14,2,5
大雅區,40~44,計,15,5,186,63,620,49,753,66,511,28,0,598,77,2789,174,1382,48,0,0,52,10,1,8
大雅區,45~49,計,15,9,151,34,463,33,443,47,452,23,3,548,77,2469,191,2452,37,0,0,137,29,0,5
大雅區,50~54,計,8,2,79,16,343,28,235,15,272,12,0,454,51,1526,125,2617,106,6,7,661,68,7,22
大雅區,55~59,計,7,2,30,6,225,11,125,10,175,7,2,261,35,772,62,1491,96,42,6,1650,117,12,48
大雅區,60~64,計,3,0,12,3,120,8,56,1,46,2,2,121,24,299,16,424,67,31,11,1871,125,15,75
大雅區,65歲以上,計,0,0,13,0,105,8,91,6,48,2,0,193,31,281,33,446,88,58,15,3238,442,262,935
新社區,15~19,計,0,0,0,0,0,369,0,11,0,0,51,22,347,97,628,70,96,0,0,5,3,0,1
新社區,20~24,計,0,1,4,41,321,543,46,42,17,1,7,92,17,287,67,41,21,0,0,1,7,0,0
新社區,25~29,計,0,4,94,35,602,65,114,61,37,3,13,84,42,408,156,103,30,0,0,12,16,0,0
新社區,30~34,計,3,1,74,28,424,35,269,61,61,17,0,92,26,620,77,276,13,0,0,20,10,1,0
新社區,35~39,計,1,0,40,16,203,16,214,23,125,5,2,131,25,671,47,317,9,0,0,25,11,0,2
新社區,40~44,計,3,2,37,6,122,8,117,9,136,11,0,184,31,709,41,538,5,0,0,27,3,2,1
新社區,45~49,計,1,1,22,9,99,11,72,13,109,6,0,138,16,583,40,726,5,0,0,82,5,2,7
新社區,50~54,計,2,1,12,4,64,7,43,6,69,4,0,119,19,413,31,647,13,1,0,238,8,4,13
新社區,55~59,計,1,0,8,1,70,3,21,0,78,3,0,67,7,287,20,314,26,37,8,670,34,3,18
新社區,60~64,計,1,0,7,1,22,3,24,0,33,0,0,49,4,131,9,143,16,46,4,795,45,7,44
新社區,65歲以上,計,0,0,7,2,47,1,38,3,18,2,0,80,6,174,13,201,21,118,26,2111,341,89,597
石岡區,15~19,計,0,0,0,0,0,251,0,11,0,0,49,10,146,53,415,28,79,0,0,0,1,0,1
石岡區,20~24,計,0,0,4,33,233,346,17,33,16,0,5,52,7,207,56,21,3,0,0,0,1,0,0
石岡區,25~29,計,0,2,80,28,459,50,88,40,34,2,4,46,17,237,66,60,2,0,0,8,1,0,0
石岡區,30~34,計,2,4,53,15,286,28,213,45,41,10,0,38,12,371,45,143,5,0,0,10,2,1,0
石岡區,35~39,計,3,0,34,8,155,9,128,13,69,4,1,51,7,425,28,149,2,0,0,5,1,1,2
石岡區,40~44,計,1,0,29,9,82,5,98,6,63,2,0,66,8,468,15,224,3,0,0,8,1,0,1
石岡區,45~49,計,2,1,17,6,47,3,88,3,66,3,0,63,7,458,16,375,1,0,0,17,1,0,2
石岡區,50~54,計,1,0,10,4,54,4,53,3,56,2,0,80,13,404,24,473,8,0,0,99,4,1,0
石岡區,55~59,計,0,0,9,2,44,1,38,7,39,2,0,52,1,266,16,252,12,12,5,389,6,2,5
石岡區,60~64,計,1,0,5,1,25,2,16,1,15,0,0,37,0,113,8,115,8,32,5,436,12,2,7
石岡區,65歲以上,計,1,0,4,0,28,0,21,2,13,0,0,40,6,124,8,162,21,42,11,1341,95,24,229
外埔區,15~19,計,0,0,0,0,0,566,0,19,0,0,78,21,431,142,963,71,122,0,0,1,5,0,0
外埔區,20~24,計,0,0,7,82,555,665,51,65,45,0,17,227,22,536,120,57,24,0,0,0,3,0,0
外埔區,25~29,計,0,10,154,55,1016,111,179,98,56,5,7,127,44,531,203,181,21,0,0,9,2,1,1
外埔區,30~34,計,8,6,95,33,538,65,356,88,76,19,2,154,49,958,119,425,13,0,0,17,2,0,1
外埔區,35~39,計,2,4,78,25,258,11,284,42,120,3,0,207,40,846,67,406,3,0,0,17,5,1,2
外埔區,40~44,計,2,1,48,15,142,10,188,17,95,2,0,239,26,816,45,611,14,0,0,35,1,0,4
外埔區,45~49,計,2,2,31,9,102,7,90,7,89,5,0,168,33,624,43,1023,9,0,0,191,7,0,6
外埔區,50~54,計,1,1,13,1,76,3,49,4,49,4,0,150,21,449,40,921,70,1,0,453,20,2,13
外埔區,55~59,計,1,0,8,3,36,7,37,1,41,3,0,99,9,287,22,340,54,26,9,1075,37,3,26
外埔區,60~64,計,1,0,4,1,28,3,14,0,23,1,0,37,6,147,10,127,23,8,8,881,62,6,45
外埔區,65歲以上,計,1,0,2,3,22,2,28,2,8,0,0,75,12,105,9,139,25,42,6,1786,280,73,850
大安區,15~19,計,0,0,0,0,0,317,0,12,0,0,59,10,262,86,601,36,84,0,0,0,1,0,0
大安區,20~24,計,0,2,10,48,341,421,48,31,23,0,14,155,14,324,84,51,17,0,0,0,4,0,0
大安區,25~29,計,0,6,108,34,548,48,109,47,43,1,3,87,38,356,113,90,21,0,0,6,4,0,0
大安區,30~34,計,4,6,59,20,292,19,228,29,48,6,1,153,29,694,38,100,14,0,0,10,8,0,1
大安區,35~39,計,1,2,26,13,128,8,132,17,83,9,0,184,20,540,38,216,5,0,0,11,8,0,0
大安區,40~44,計,0,0,22,7,48,10,87,12,85,5,0,193,15,516,36,485,4,0,0,25,3,1,0
大安區,45~49,計,0,0,10,3,53,6,37,3,57,7,0,138,15,366,29,705,18,0,0,178,4,0,0
大安區,50~54,計,0,0,3,0,19,5,16,1,38,2,0,114,14,215,20,521,8,0,1,345,10,4,8
大安區,55~59,計,1,0,5,2,22,3,13,1,21,2,0,53,8,98,10,148,25,7,6,656,37,4,19
大安區,60~64,計,0,0,3,0,15,1,9,0,13,0,0,17,2,37,5,57,16,10,2,652,44,2,35
大安區,65歲以上,計,0,0,3,0,10,1,4,0,9,0,0,27,3,40,5,93,21,19,5,1654,183,214,537
烏日區,15~19,計,0,0,0,0,0,1330,0,44,0,2,148,50,989,185,2091,99,364,0,0,2,16,0,2
烏日區,20~24,計,0,3,35,199,1302,1945,117,119,68,0,28,238,12,874,262,91,24,0,0,1,2,0,0
烏日區,25~29,計,6,20,415,160,2241,236,439,224,129,11,12,128,75,1054,284,241,24,0,0,28,6,0,1
烏日區,30~34,計,14,17,340,104,1460,152,962,193,251,53,1,225,60,1824,209,474,34,0,0,46,9,0,7
烏日區,35~39,計,16,17,250,74,866,43,853,106,389,32,1,357,58,1774,164,567,45,0,0,26,13,0,4
烏日區,40~44,計,7,3,151,47,474,28,585,45,376,11,1,360,68,1980,128,825,27,0,0,45,6,0,8
烏日區,45~49,計,15,3,114,33,333,31,318,29,343,10,1,347,56,1837,159,1453,53,1,0,200,14,0,10
烏日區,50~54,計,4,2,48,16,296,21,202,9,237,10,3,358,53,1379,114,1598,68,0,1,619,37,2,21
烏日區,55~59,計,5,3,24,5,219,10,119,13,209,9,0,224,32,824,47,754,107,26,8,1677,74,4,49
烏日區,60~64,計,4,0,11,2,155,13,74,6,86,2,0,123,17,375,24,364,59,29,13,1682,116,6,81
烏日區,65歲以上,計,2,0,9,1,133,6,61,7,36,1,0,160,20,316,27,353,71,65,11,3055,595,187,1107
大肚區,15~19,計,0,0,0,0,0,1009,0,34,0,31,107,30,647,294,1664,91,278,0,0,0,5,0,0
大肚區,20~24,計,0,4,21,146,1284,1319,94,85,85,0,22,211,23,796,206,79,24,0,0,2,3,0,2
大肚區,25~29,計,2,24,297,104,1841,242,304,164,122,12,19,92,45,983,265,228,47,0,0,20,2,0,1
大肚區,30~34,計,11,5,236,90,1190,134,759,146,200,33,3,135,32,1592,206,416,33,0,0,28,18,0,3
大肚區,35~39,計,10,3,128,52,584,35,645,74,312,21,1,187,40,1545,133,456,33,0,0,45,11,0,4
大肚區,40~44,計,12,5,97,36,279,28,408,29,272,14,0,219,38,1606,95,813,37,0,0,77,11,1,4
大肚區,45~49,計,8,3,63,19,208,19,271,16,239,10,0,249,31,1364,85,1238,57,0,0,345,13,0,4
大肚區,50~54,計,3,0,36,10,156,14,172,12,174,8,1,220,21,1049,73,1238,96,1,0,739,46,3,23
大肚區,55~59,計,5,2,27,3,115,10,120,9,113,5,1,138,19,625,39,605,87,22,5,1556,69,6,43
大肚區,60~64,計,2,0,9,1,93,7,49,1,57,3,0,94,10,230,15,312,46,22,4,1475,74,8,79
大肚區,65歲以上,計,0,0,4,1,98,2,46,0,33,2,0,115,14,217,7,259,44,43,7,2836,338,57,1165
龍井區,15~19,計,0,0,0,0,0,1475,0,44,0,26,174,53,1134,276,2409,124,405,0,0,1,14,0,1
龍井區,20~24,計,0,1,45,187,1439,2110,146,84,84,10,21,228,30,1036,261,128,42,0,0,2,3,0,1
龍井區,25~29,計,5,21,345,121,2613,246,435,181,159,15,17,149,46,1457,286,326,42,0,0,22,6,0,3
龍井區,30~34,計,10,14,369,94,1641,141,1007,153,232,39,1,223,59,2225,219,664,40,0,0,36,15,0,7
龍井區,35~39,計,12,13,279,70,913,51,821,67,406,17,8,333,50,1891,136,793,49,0,0,38,11,0,6
龍井區,40~44,計,28,18,204,58,567,41,526,29,384,10,2,364,46,2047,129,1240,37,0,0,67,10,0,3
龍井區,45~49,計,29,12,184,33,476,43,331,26,367,8,1,383,40,1764,100,1986,53,0,0,241,20,2,6
龍井區,50~54,計,17,2,88,12,330,14,180,12,247,8,0,326,33,1174,63,2139,56,0,0,447,28,3,10
龍井區,55~59,計,15,1,35,4,210,13,97,5,158,8,0,206,18,549,44,855,80,20,3,1657,131,15,58
龍井區,60~64,計,11,2,23,4,122,7,64,2,38,1,0,121,10,215,12,257,56,22,6,1623,155,17,110
龍井區,65歲以上,計,4,0,10,1,122,6,48,1,41,0,0,150,10,199,15,285,45,51,4,2871,494,277,1524
霧峰區,15~19,計,0,0,0,0,0,1145,0,30,0,0,163,30,695,199,2001,115,292,0,0,0,1,0,0
霧峰區,20~24,計,0,1,23,151,1157,1835,128,101,54,1,24,263,25,922,315,93,31,0,0,1,8,0,0
霧峰區,25~29,計,3,9,349,160,2067,266,391,191,114,9,25,116,65,1178,339,250,29,0,0,26,5,1,1
霧峰區,30~34,計,11,7,273,98,1214,138,721,132,216,58,0,237,58,1597,172,541,24,0,0,29,13,0,2
霧峰區,35~39,計,7,10,162,63,636,32,542,55,350,18,1,313,54,1516,85,528,28,0,0,22,11,1,2
霧峰區,40~44,計,15,9,157,54,414,30,355,27,298,14,0,458,50,1684,138,700,65,0,0,44,13,1,5
霧峰區,45~49,計,31,6,119,20,321,34,223,27,360,19,1,451,78,1707,165,1417,97,0,0,225,12,0,5
霧峰區,50~54,計,22,0,87,12,292,20,141,16,284,21,0,455,69,1317,113,1509,118,0,1,642,33,4,15
霧峰區,55~59,計,14,1,42,3,234,33,99,7,263,15,0,293,28,772,59,702,105,18,6,1593,83,3,29
霧峰區,60~64,計,8,1,25,6,185,11,61,3,126,3,1,150,20,402,45,355,55,13,1,1465,96,15,74
霧峰區,65歲以上,計,12,0,24,0,235,9,120,10,60,6,0,265,22,345,24,490,79,21,8,3119,601,216,1357
太平區,15~19,計,0,0,0,0,0,3056,0,111,0,19,367,144,2198,710,5847,345,862,0,0,5,40,0,1
太平區,20~24,計,0,5,76,446,2961,5038,383,409,184,10,74,643,117,2580,770,407,99,0,0,6,12,0,4
太平區,25~29,計,5,62,815,319,5569,671,1151,568,328,29,51,562,223,3012,847,779,123,0,0,59,18,2,2
太平區,30~34,計,31,35,788,270,3563,366,2410,486,645,166,13,702,182,4525,591,1411,98,0,0,94,38,4,8
太平區,35~39,計,25,32,413,143,1717,127,1916,213,975,44,4,964,186,4474,379,1613,121,0,0,70,20,4,12
太平區,40~44,計,35,21,327,128,1096,98,1304,123,925,43,4,1141,210,4960,384,2479,97,0,0,121,32,5,12
太平區,45~49,計,40,19,248,64,797,95,876,82,803,53,4,1156,212,4547,405,4216,186,0,0,421,41,6,17
太平區,50~54,計,20,9,137,28,705,63,571,43,641,22,8,1070,184,3390,309,4578,258,11,0,1512,85,12,65
太平區,55~59,計,20,1,87,11,576,37,329,34,476,31,5,726,99,1965,161,2023,295,67,20,4296,277,22,116
太平區,60~64,計,12,1,46,8,372,37,184,13,175,9,0,386,41,791,61,923,168,79,22,4144,296,38,182
太平區,65歲以上,計,7,0,28,2,466,28,186,12,172,1,0,617,74,659,57,1163,154,123,30,6037,1114,301,1795
大里區,15~19,計,0,0,0,0,0,3597,0,127,0,16,459,148,2794,687,6720,256,1154,0,0,1,23,0,0
大里區,20~24,計,0,10,96,606,3913,6151,394,416,213,8,82,743,83,2569,714,240,92,0,0,5,29,0,0
大里區,25~29,計,5,67,1191,468,6888,816,1294,563,409,27,60,429,197,3320,903,704,111,0,0,56,21,2,2
大里區,30~34,計,57,37,1017,334,4508,415,2737,565,732,174,6,747,216,5106,661,1379,99,0,0,77,30,3,9
大里區,35~39,計,57,56,740,239,2445,166,2324,220,1274,68,4,1196,197,4748,332,1654,98,0,0,66,20,0,10
大里區,40~44,計,63,39,613,162,1518,125,1477,131,1291,59,3,1398,198,5325,398,2269,101,0,0,97,21,3,5
大里區,45~49,計,64,14,385,103,1315,108,963,97,1191,58,1,1408,217,5188,397,4366,122,0,0,294,32,2,12
大里區,50~54,計,53,16,188,56,962,82,526,50,912,51,2,1215,189,3870,322,5757,128,13,3,867,65,10,39
大里區,55~59,計,25,4,124,24,763,52,344,20,627,34,3,795,89,2290,157,2782,252,71,18,4172,196,18,88
大里區,60~64,計,19,2,58,11,464,21,210,15,250,12,1,415,43,1084,77,979,207,68,18,3996,192,20,133
大里區,65歲以上,計,12,0,35,8,419,29,203,10,133,5,0,527,59,799,56,1074,156,82,22,6164,937,232,1744
和平區,15~19,計,0,0,0,0,0,108,0,9,0,0,55,7,96,44,279,50,34,0,0,2,2,0,0
和平區,20~24,計,0,0,3,11,93,185,8,19,13,0,10,43,12,129,67,40,12,0,0,0,6,0,1
和平區,25~29,計,0,2,18,16,171,40,23,28,11,4,7,29,26,150,75,86,11,0,0,4,9,0,1
和平區,30~34,計,1,1,24,9,102,18,41,16,23,11,3,45,23,215,40,124,22,0,0,14,7,0,1
和平區,35~39,計,1,0,10,5,43,10,44,9,51,6,0,99,19,214,38,175,32,0,0,15,12,1,1
和平區,40~44,計,1,2,10,2,31,8,38,4,56,8,1,116,21,264,37,239,27,0,0,19,0,0,2
和平區,45~49,計,0,0,4,1,29,7,33,8,54,3,3,136,33,224,30,318,18,0,0,39,7,0,0
和平區,50~54,計,1,0,3,0,29,7,22,4,63,6,1,113,23,174,29,275,33,0,0,103,5,0,1
和平區,55~59,計,0,1,1,1,33,5,22,5,35,1,1,104,11,136,20,153,23,8,0,309,12,1,10
和平區,60~64,計,0,0,2,0,25,2,6,0,13,2,1,32,1,55,9,79,10,14,4,292,22,0,13
和平區,65歲以上,計,0,0,1,0,21,0,9,1,19,2,0,62,4,67,5,120,23,40,8,869,81,43,160
